id,fecha,equipo_local,equipo_visitante,goles_local,goles_visitante,fixture.status.short,promedio_goles_local,promedio_goles_visitante,racha_local,racha_visitante,ventaja_local,resultado
1208021,2024-08-16 19:00:00+00:00,Manchester United,Fulham,1,0,FT,0.0,0.0,0,0,1,Local
1208022,2024-08-17 11:30:00+00:00,Ipswich,Liverpool,0,2,FT,0.0,0.0,0,0,1,Visitante
1208025,2024-08-17 14:00:00+00:00,Newcastle,Southampton,1,0,FT,0.0,0.0,0,0,1,Local
1208023,2024-08-17 14:00:00+00:00,Arsenal,Wolves,2,0,FT,0.0,0.0,0,0,1,Local
1208024,2024-08-17 14:00:00+00:00,Everton,Brighton,0,3,FT,0.0,0.0,0,0,1,Visitante
1208026,2024-08-17 14:00:00+00:00,Nottingham Forest,Bournemouth,1,1,FT,0.0,0.0,0,0,1,Empate
1208027,2024-08-17 16:30:00+00:00,West Ham,Aston Villa,1,2,FT,0.0,0.0,0,0,1,Visitante
1208028,2024-08-18 13:00:00+00:00,Brentford,Crystal Palace,2,1,FT,0.0,0.0,0,0,1,Local
1208029,2024-08-18 15:30:00+00:00,Chelsea,Manchester City,0,2,FT,0.0,0.0,0,0,1,Visitante
1208030,2024-08-19 19:00:00+00:00,Leicester,Tottenham,1,1,FT,0.0,0.0,0,0,1,Empate
1208033,2024-08-24 11:30:00+00:00,Brighton,Manchester United,2,1,FT,0.0,0.0,0,0,1,Local
1208034,2024-08-24 14:00:00+00:00,Crystal Palace,West Ham,0,2,FT,0.0,0.0,0,0,1,Visitante
1208037,2024-08-24 14:00:00+00:00,Manchester City,Ipswich,4,1,FT,0.0,0.0,0,0,1,Local
1208035,2024-08-24 14:00:00+00:00,Fulham,Leicester,2,1,FT,0.0,0.0,0,0,1,Local
1208038,2024-08-24 14:00:00+00:00,Southampton,Nottingham Forest,0,1,FT,0.0,0.0,0,0,1,Visitante
1208039,2024-08-24 14:00:00+00:00,Tottenham,Everton,4,0,FT,0.0,0.0,0,0,1,Local
1208032,2024-08-24 16:30:00+00:00,Aston Villa,Arsenal,0,2,FT,0.0,0.0,0,0,1,Visitante
1208031,2024-08-25 13:00:00+00:00,Bournemouth,Newcastle,1,1,FT,0.0,0.0,0,0,1,Empate
1208040,2024-08-25 13:00:00+00:00,Wolves,Chelsea,2,6,FT,0.0,0.0,0,0,1,Visitante
1208036,2024-08-25 15:30:00+00:00,Liverpool,Brentford,2,0,FT,0.0,0.0,0,0,1,Local
1208041,2024-08-31 11:30:00+00:00,Arsenal,Brighton,1,1,FT,2.0,3.0,1,1,1,Empate
1208049,2024-08-31 14:00:00+00:00,Nottingham Forest,Wolves,1,1,FT,1.0,0.0,0,0,1,Empate
1208045,2024-08-31 14:00:00+00:00,Ipswich,Fulham,1,1,FT,0.0,0.0,0,0,1,Empate
1208044,2024-08-31 14:00:00+00:00,Everton,Bournemouth,2,3,FT,0.0,1.0,0,0,1,Visitante
1208046,2024-08-31 14:00:00+00:00,Leicester,Aston Villa,1,2,FT,1.0,2.0,0,1,1,Visitante
1208042,2024-08-31 14:00:00+00:00,Brentford,Southampton,3,1,FT,2.0,0.0,1,0,1,Local
1208050,2024-08-31 16:30:00+00:00,West Ham,Manchester City,1,3,FT,1.0,2.0,0,1,1,Visitante
1208048,2024-09-01 12:30:00+00:00,Newcastle,Tottenham,2,1,FT,1.0,1.0,1,0,1,Local
1208043,2024-09-01 12:30:00+00:00,Chelsea,Crystal Palace,1,1,FT,0.0,1.0,0,0,1,Empate
1208047,2024-09-01 15:00:00+00:00,Manchester United,Liverpool,0,3,FT,1.0,2.0,1,1,1,Visitante
1208058,2024-09-14 11:30:00+00:00,Southampton,Manchester United,0,3,FT,0.0,1.0,0,0,1,Visitante
1208054,2024-09-14 14:00:00+00:00,Crystal Palace,Leicester,2,2,FT,0.0,1.0,0,0,1,Empate
1208053,2024-09-14 14:00:00+00:00,Brighton,Ipswich,0,0,FT,2.0,1.0,1,0,1,Empate
1208057,2024-09-14 14:00:00+00:00,Manchester City,Brentford,2,1,FT,4.0,0.0,1,0,1,Local
1208055,2024-09-14 14:00:00+00:00,Fulham,West Ham,1,1,FT,2.0,2.0,1,1,1,Empate
1208056,2024-09-14 14:00:00+00:00,Liverpool,Nottingham Forest,0,1,FT,2.0,1.0,1,1,1,Visitante
1208052,2024-09-14 16:30:00+00:00,Aston Villa,Everton,3,2,FT,0.0,0.0,0,0,1,Local
1208051,2024-09-14 19:00:00+00:00,Bournemouth,Chelsea,0,1,FT,1.0,6.0,0,1,1,Visitante
1208059,2024-09-15 13:00:00+00:00,Tottenham,Arsenal,0,1,FT,4.0,2.0,1,1,1,Visitante
1208060,2024-09-15 15:30:00+00:00,Wolves,Newcastle,1,2,FT,2.0,1.0,0,0,1,Visitante
1208070,2024-09-21 11:30:00+00:00,West Ham,Chelsea,0,3,FT,1.0,3.5,0,2,1,Visitante
1208069,2024-09-21 14:00:00+00:00,Tottenham,Brentford,3,1,FT,2.0,0.5,1,0,1,Local
1208065,2024-09-21 14:00:00+00:00,Leicester,Everton,1,1,FT,1.0,1.0,0,0,1,Empate
1208061,2024-09-21 14:00:00+00:00,Aston Villa,Wolves,3,1,FT,1.5,0.5,1,0,1,Local
1208066,2024-09-21 14:00:00+00:00,Liverpool,Bournemouth,3,0,FT,1.0,2.0,1,1,1,Local
1208064,2024-09-21 14:00:00+00:00,Fulham,Newcastle,3,1,FT,1.5,1.5,1,1,1,Local
1208068,2024-09-21 14:00:00+00:00,Southampton,Ipswich,1,1,FT,0.0,0.5,0,0,1,Empate
1208063,2024-09-21 16:30:00+00:00,Crystal Palace,Manchester United,0,0,FT,1.0,2.0,0,1,1,Empate
1208062,2024-09-22 13:00:00+00:00,Brighton,Nottingham Forest,2,2,FT,1.0,1.0,1,2,1,Empate
1208067,2024-09-22 15:30:00+00:00,Manchester City,Arsenal,2,2,FT,3.0,1.5,2,2,1,Empate
1208078,2024-09-28 11:30:00+00:00,Newcastle,Manchester City,1,1,FT,1.5,2.5,2,2,1,Empate
1208073,2024-09-28 14:00:00+00:00,Brentford,West Ham,1,1,FT,2.5,1.5,2,1,1,Empate
1208074,2024-09-28 14:00:00+00:00,Chelsea,Brighton,4,2,FT,0.5,2.0,0,1,1,Local
1208079,2024-09-28 14:00:00+00:00,Nottingham Forest,Fulham,0,1,FT,1.0,0.5,0,0,1,Visitante
1208072,2024-09-28 14:00:00+00:00,Arsenal,Leicester,4,2,FT,1.5,1.5,1,0,1,Local
1208075,2024-09-28 14:00:00+00:00,Everton,Crystal Palace,2,1,FT,1.0,1.0,0,0,1,Local
1208080,2024-09-28 16:30:00+00:00,Wolves,Liverpool,1,2,FT,1.5,2.5,0,2,1,Visitante
1208076,2024-09-29 13:00:00+00:00,Ipswich,Aston Villa,2,2,FT,0.5,2.0,0,2,1,Empate
1208077,2024-09-29 15:30:00+00:00,Manchester United,Tottenham,0,3,FT,0.5,1.0,1,0,1,Visitante
1208071,2024-09-30 19:00:00+00:00,Bournemouth,Southampton,3,1,FT,0.5,0.5,0,0,1,Local
1208086,2024-10-05 11:30:00+00:00,Crystal Palace,Liverpool,0,1,FT,0.6666666666666666,2.3333333333333335,0,3,1,Visitante
1208083,2024-10-05 14:00:00+00:00,Brentford,Wolves,5,3,FT,2.0,0.6666666666666666,2,0,1,Local
1208081,2024-10-05 14:00:00+00:00,Arsenal,Southampton,3,1,FT,2.3333333333333335,0.6666666666666666,2,0,1,Local
1208088,2024-10-05 14:00:00+00:00,Leicester,Bournemouth,1,0,FT,1.0,1.3333333333333333,0,1,1,Local
1208090,2024-10-05 14:00:00+00:00,West Ham,Ipswich,4,1,FT,0.6666666666666666,0.6666666666666666,0,0,1,Local
1208089,2024-10-05 14:00:00+00:00,Manchester City,Fulham,3,2,FT,2.6666666666666665,0.6666666666666666,2,1,1,Local
1208087,2024-10-05 16:30:00+00:00,Everton,Newcastle,0,0,FT,1.3333333333333333,1.3333333333333333,1,1,1,Empate
1208082,2024-10-06 13:00:00+00:00,Aston Villa,Manchester United,0,0,FT,2.0,1.3333333333333333,2,1,1,Empate
1208085,2024-10-06 13:00:00+00:00,Chelsea,Nottingham Forest,1,1,FT,1.6666666666666667,1.3333333333333333,1,2,1,Empate
1208084,2024-10-06 15:30:00+00:00,Brighton,Tottenham,3,2,FT,1.3333333333333333,1.6666666666666667,1,1,1,Local
1208099,2024-10-19 11:30:00+00:00,Tottenham,West Ham,4,1,FT,2.3333333333333335,1.3333333333333333,2,1,1,Local
1208095,2024-10-19 14:00:00+00:00,Manchester United,Brentford,2,1,FT,0.3333333333333333,0.6666666666666666,1,0,1,Local
1208096,2024-10-19 14:00:00+00:00,Newcastle,Brighton,0,1,FT,1.3333333333333333,2.0,2,1,1,Visitante
1208092,2024-10-19 14:00:00+00:00,Fulham,Aston Villa,1,3,FT,2.0,2.0,2,2,1,Visitante
1208098,2024-10-19 14:00:00+00:00,Southampton,Leicester,2,3,FT,0.3333333333333333,1.6666666666666667,0,0,1,Visitante
1208093,2024-10-19 14:00:00+00:00,Ipswich,Everton,0,2,FT,1.0,1.0,0,0,1,Visitante
1208091,2024-10-19 16:30:00+00:00,Bournemouth,Arsenal,2,0,FT,1.3333333333333333,1.6666666666666667,1,2,1,Local
1208100,2024-10-20 13:00:00+00:00,Wolves,Manchester City,1,2,FT,1.3333333333333333,2.0,0,2,1,Visitante
1208094,2024-10-20 15:30:00+00:00,Liverpool,Chelsea,2,1,FT,1.6666666666666667,3.3333333333333335,2,3,1,Local
1208097,2024-10-21 19:00:00+00:00,Nottingham Forest,Crystal Palace,1,0,FT,0.6666666666666666,1.0,0,0,1,Local
1208110,2024-10-25 19:00:00+00:00,Leicester,Nottingham Forest,1,3,FT,1.0,1.25,1,2,1,Visitante
1208111,2024-10-26 14:00:00+00:00,Manchester City,Southampton,1,0,FT,2.75,0.75,3,0,1,Local
1208106,2024-10-26 14:00:00+00:00,Brighton,Wolves,2,2,FT,1.75,1.25,2,0,1,Empate
1208105,2024-10-26 14:00:00+00:00,Brentford,Ipswich,4,3,FT,2.75,0.75,3,0,1,Local
1208104,2024-10-26 14:00:00+00:00,Aston Villa,Bournemouth,1,1,FT,1.5,1.0,2,1,1,Empate
1208109,2024-10-26 16:30:00+00:00,Everton,Fulham,1,1,FT,1.0,1.0,1,1,1,Empate
1208112,2024-10-27 13:00:00+00:00,West Ham,Manchester United,2,1,FT,1.5,1.0,1,1,1,Local
1208107,2024-10-27 13:00:00+00:00,Chelsea,Newcastle,2,1,FT,1.5,1.0,1,1,1,Local
1208108,2024-10-27 13:00:00+00:00,Crystal Palace,Tottenham,1,0,FT,0.5,1.75,0,1,1,Local
1208103,2024-10-27 15:30:00+00:00,Arsenal,Liverpool,2,2,FT,2.5,2.0,3,4,1,Empate
1208118,2024-11-02 12:30:00+00:00,Newcastle,Arsenal,1,0,FT,1.0,1.25,2,2,1,Local
1208119,2024-11-02 15:00:00+00:00,Nottingham Forest,West Ham,3,0,FT,0.75,1.25,1,1,1,Local
1208120,2024-11-02 15:00:00+00:00,Southampton,Everton,1,0,FT,0.75,1.25,0,1,1,Local
1208115,2024-11-02 15:00:00+00:00,Ipswich,Leicester,1,1,FT,0.75,2.0,0,1,1,Empate
1208116,2024-11-02 15:00:00+00:00,Liverpool,Brighton,2,1,FT,1.75,1.75,3,2,1,Local
1208113,2024-11-02 15:00:00+00:00,Bournemouth,Manchester City,2,1,FT,1.5,2.0,2,3,1,Local
1208122,2024-11-02 17:30:00+00:00,Wolves,Crystal Palace,2,2,FT,1.25,0.75,0,0,1,Empate
1208121,2024-11-03 14:00:00+00:00,Tottenham,Aston Villa,4,1,FT,2.75,2.25,3,3,1,Local
1208117,2024-11-03 16:30:00+00:00,Manchester United,Chelsea,1,1,FT,0.75,2.75,2,3,1,Empate
1208114,2024-11-04 20:00:00+00:00,Fulham,Brentford,2,1,FT,1.75,0.75,2,0,1,Local
1208132,2024-11-09 15:00:00+00:00,Wolves,Southampton,2,0,FT,1.4,0.6,0,0,1,Local
1208131,2024-11-09 15:00:00+00:00,West Ham,Everton,0,0,FT,1.6,1.0,2,1,1,Empate
1208126,2024-11-09 15:00:00+00:00,Crystal Palace,Fulham,0,2,FT,0.6,1.0,1,1,1,Visitante
1208123,2024-11-09 15:00:00+00:00,Brentford,Bournemouth,3,2,FT,3.0,1.0,4,1,1,Local
1208124,2024-11-09 17:30:00+00:00,Brighton,Manchester City,2,1,FT,1.8,1.8,2,3,1,Local
1208127,2024-11-09 20:00:00+00:00,Liverpool,Aston Villa,2,0,FT,1.8,2.0,4,3,1,Local
1208128,2024-11-10 14:00:00+00:00,Manchester United,Leicester,3,0,FT,0.8,1.8,2,1,1,Local
1208130,2024-11-10 14:00:00+00:00,Tottenham,Ipswich,1,2,FT,3.0,1.2,4,0,1,Visitante
1208129,2024-11-10 14:00:00+00:00,Nottingham Forest,Newcastle,1,3,FT,1.2,1.0,2,1,1,Visitante
1208125,2024-11-10 16:30:00+00:00,Chelsea,Arsenal,1,1,FT,1.6,1.0,2,2,1,Empate
1208139,2024-11-23 12:30:00+00:00,Leicester,Chelsea,1,2,FT,1.0,2.4,1,3,1,Visitante
1208133,2024-11-23 15:00:00+00:00,Bournemouth,Brighton,1,2,FT,1.6,1.6,3,2,1,Visitante
1208137,2024-11-23 15:00:00+00:00,Fulham,Wolves,1,4,FT,1.8,1.4,3,0,1,Visitante
1208134,2024-11-23 15:00:00+00:00,Arsenal,Nottingham Forest,3,0,FT,2.4,1.6,3,3,1,Local
1208136,2024-11-23 15:00:00+00:00,Everton,Brentford,0,0,FT,1.0,0.8,1,0,1,Empate
1208135,2024-11-23 15:00:00+00:00,Aston Villa,Crystal Palace,2,2,FT,1.4,1.0,2,0,1,Empate
1208140,2024-11-23 17:30:00+00:00,Manchester City,Tottenham,0,4,FT,2.4,1.4,4,1,1,Visitante
1208142,2024-11-24 14:00:00+00:00,Southampton,Liverpool,2,3,FT,0.8,2.0,1,4,1,Visitante
1208138,2024-11-24 16:30:00+00:00,Ipswich,Manchester United,1,1,FT,0.8,1.0,0,1,1,Empate
1208141,2024-11-25 20:00:00+00:00,Newcastle,West Ham,0,2,FT,1.0,1.0,3,1,1,Visitante
1208144,2024-11-29 20:00:00+00:00,Brighton,Southampton,1,1,FT,1.8,0.6,2,0,1,Empate
1208152,2024-11-30 15:00:00+00:00,Wolves,Bournemouth,2,4,FT,1.4,1.2,1,1,1,Visitante
1208146,2024-11-30 15:00:00+00:00,Crystal Palace,Newcastle,1,1,FT,0.6,1.4,1,2,1,Empate
1208143,2024-11-30 15:00:00+00:00,Brentford,Leicester,4,1,FT,3.2,1.6,4,1,1,Local
1208149,2024-11-30 15:00:00+00:00,Nottingham Forest,Ipswich,1,0,FT,1.2,1.4,2,1,1,Local
1208151,2024-11-30 17:30:00+00:00,West Ham,Arsenal,2,5,FT,1.4,0.8,2,1,1,Visitante
1208148,2024-12-01 13:30:00+00:00,Manchester United,Everton,4,0,FT,1.2,1.0,2,1,1,Local
1208150,2024-12-01 13:30:00+00:00,Tottenham,Fulham,1,1,FT,2.4,1.4,3,2,1,Empate
1208145,2024-12-01 13:30:00+00:00,Chelsea,Aston Villa,3,0,FT,1.8,1.6,2,2,1,Local
1208147,2024-12-01 16:00:00+00:00,Liverpool,Manchester City,2,0,FT,1.8,1.6,4,2,1,Local
1208158,2024-12-03 19:30:00+00:00,Ipswich,Crystal Palace,0,1,FT,1.0,1.2,0,0,1,Visitante
1208159,2024-12-03 20:15:00+00:00,Leicester,West Ham,3,1,FT,1.0,1.0,1,1,1,Local
1208161,2024-12-04 19:30:00+00:00,Newcastle,Liverpool,3,3,FT,0.8,2.2,2,4,1,Empate
1208162,2024-12-04 19:30:00+00:00,Southampton,Chelsea,1,5,FT,1.2,1.6,1,3,1,Visitante
1208156,2024-12-04 19:30:00+00:00,Everton,Wolves,4,0,FT,1.0,2.2,1,1,1,Local
1208160,2024-12-04 19:30:00+00:00,Manchester City,Nottingham Forest,3,0,FT,1.6,1.4,3,2,1,Local
1208154,2024-12-04 20:15:00+00:00,Arsenal,Manchester United,2,0,FT,2.6,1.0,3,1,1,Local
1208155,2024-12-04 20:15:00+00:00,Aston Villa,Brentford,3,1,FT,1.8,0.8,2,0,1,Local
1208157,2024-12-05 19:30:00+00:00,Fulham,Brighton,3,1,FT,1.6,1.4,2,2,1,Local
1208153,2024-12-05 20:15:00+00:00,Bournemouth,Tottenham,1,0,FT,1.6,2.0,3,2,1,Local
1208163,2024-12-07 15:00:00+00:00,Aston Villa,Southampton,1,0,FT,1.8,0.6,2,0,1,Local
1208164,2024-12-07 15:00:00+00:00,Brentford,Newcastle,4,2,FT,3.4,1.2,4,1,1,Local
1208165,2024-12-07 15:00:00+00:00,Crystal Palace,Manchester City,2,2,FT,0.4,1.0,1,1,1,Empate
1208170,2024-12-07 17:30:00+00:00,Manchester United,Nottingham Forest,2,3,FT,2.0,1.2,3,1,1,Visitante
1208167,2024-12-08 14:00:00+00:00,Fulham,Arsenal,1,1,FT,2.0,1.6,3,1,1,Empate
1208169,2024-12-08 14:00:00+00:00,Leicester,Brighton,2,2,FT,1.4,1.4,2,2,1,Empate
1208168,2024-12-08 14:00:00+00:00,Ipswich,Bournemouth,1,2,FT,0.8,1.4,0,1,1,Visitante
1208171,2024-12-08 16:30:00+00:00,Tottenham,Chelsea,3,4,FT,2.6,2.4,3,3,1,Visitante
1208172,2024-12-09 20:00:00+00:00,West Ham,Wolves,2,1,FT,1.6,2.0,2,1,1,Local
1208179,2024-12-14 15:00:00+00:00,Newcastle,Leicester,4,0,FT,1.0,1.4,1,1,1,Local
1208182,2024-12-14 15:00:00+00:00,Wolves,Ipswich,1,2,FT,1.6,1.4,1,1,1,Visitante
1208177,2024-12-14 15:00:00+00:00,Liverpool,Fulham,2,2,FT,2.2,1.4,5,2,1,Empate
1208174,2024-12-14 15:00:00+00:00,Arsenal,Everton,0,0,FT,2.8,0.6,4,1,1,Empate
1208180,2024-12-14 17:30:00+00:00,Nottingham Forest,Aston Villa,2,1,FT,1.2,1.2,3,1,1,Local
1208175,2024-12-15 14:00:00+00:00,Brighton,Crystal Palace,1,3,FT,2.0,1.2,2,1,1,Visitante
1208178,2024-12-15 16:30:00+00:00,Manchester City,Manchester United,1,2,FT,1.8,0.4,3,0,1,Visitante
1208181,2024-12-15 19:00:00+00:00,Southampton,Tottenham,0,5,FT,1.4,1.8,1,2,1,Visitante
1208176,2024-12-15 19:00:00+00:00,Chelsea,Brentford,2,1,FT,2.2,0.8,3,0,1,Local
1208173,2024-12-16 20:00:00+00:00,Bournemouth,West Ham,1,1,FT,1.8,1.0,4,1,1,Empate
1208183,2024-12-21 12:30:00+00:00,Aston Villa,Manchester City,2,1,FT,1.4,1.2,2,1,1,Local
1208192,2024-12-21 15:00:00+00:00,West Ham,Brighton,1,1,FT,2.0,1.4,3,2,1,Empate
1208184,2024-12-21 15:00:00+00:00,Brentford,Nottingham Forest,0,2,FT,4.0,1.4,5,2,1,Visitante
1208188,2024-12-21 15:00:00+00:00,Ipswich,Newcastle,0,4,FT,0.6,1.4,0,1,1,Visitante
1208185,2024-12-21 17:30:00+00:00,Crystal Palace,Arsenal,1,5,FT,0.8,1.4,1,1,1,Visitante
1208189,2024-12-22 14:00:00+00:00,Leicester,Wolves,0,3,FT,1.6,2.0,2,1,1,Visitante
1208186,2024-12-22 14:00:00+00:00,Everton,Chelsea,0,0,FT,1.4,2.6,2,3,1,Empate
1208190,2024-12-22 14:00:00+00:00,Manchester United,Bournemouth,0,3,FT,2.4,1.8,3,2,1,Visitante
1208187,2024-12-22 14:00:00+00:00,Fulham,Southampton,0,0,FT,1.6,0.4,2,0,1,Empate
1208191,2024-12-22 16:30:00+00:00,Tottenham,Liverpool,3,6,FT,2.6,2.2,2,3,1,Visitante
1208198,2024-12-26 12:30:00+00:00,Manchester City,Everton,1,1,FT,1.6,0.4,3,1,1,Empate
1208199,2024-12-26 15:00:00+00:00,Newcastle,Aston Villa,3,0,FT,1.6,1.0,2,1,1,Local
1208193,2024-12-26 15:00:00+00:00,Bournemouth,Crystal Palace,0,0,FT,1.4,1.6,3,2,1,Empate
1208201,2024-12-26 15:00:00+00:00,Southampton,West Ham,0,1,FT,1.2,1.0,1,1,1,Visitante
1208196,2024-12-26 15:00:00+00:00,Chelsea,Fulham,1,2,FT,1.8,1.6,3,1,1,Visitante
1208200,2024-12-26 15:00:00+00:00,Nottingham Forest,Tottenham,1,0,FT,1.6,2.2,4,2,1,Local
1208202,2024-12-26 17:30:00+00:00,Wolves,Manchester United,2,0,FT,1.6,0.8,1,1,1,Local
1208197,2024-12-26 20:00:00+00:00,Liverpool,Leicester,3,1,FT,2.0,1.0,4,1,1,Local
1208195,2024-12-27 19:30:00+00:00,Brighton,Brentford,0,0,FT,1.8,0.8,2,0,1,Empate
1208194,2024-12-27 20:15:00+00:00,Arsenal,Ipswich,1,0,FT,2.0,1.6,3,2,1,Local
1208209,2024-12-29 14:30:00+00:00,Leicester,Manchester City,0,2,FT,1.4,1.0,1,0,1,Visitante
1208207,2024-12-29 15:00:00+00:00,Fulham,Bournemouth,2,2,FT,1.4,2.4,2,3,1,Empate
1208206,2024-12-29 15:00:00+00:00,Everton,Nottingham Forest,0,2,FT,1.0,1.6,1,3,1,Visitante
1208211,2024-12-29 15:00:00+00:00,Tottenham,Wolves,2,2,FT,2.4,2.0,1,2,1,Empate
1208205,2024-12-29 15:00:00+00:00,Crystal Palace,Southampton,2,1,FT,1.0,0.2,1,0,1,Local
1208212,2024-12-29 17:15:00+00:00,West Ham,Liverpool,0,5,FT,1.4,3.0,2,3,1,Visitante
1208208,2024-12-30 19:45:00+00:00,Ipswich,Chelsea,2,0,FT,0.6,2.4,0,3,1,Local
1208203,2024-12-30 19:45:00+00:00,Aston Villa,Brighton,2,2,FT,1.8,1.4,3,1,1,Empate
1208210,2024-12-30 20:00:00+00:00,Manchester United,Newcastle,0,2,FT,2.0,2.2,2,2,1,Visitante
1208204,2025-01-01 17:30:00+00:00,Brentford,Arsenal,1,3,FT,3.0,2.4,4,2,1,Visitante
1208221,2025-01-04 12:30:00+00:00,Tottenham,Newcastle,1,2,FT,2.0,2.4,0,3,1,Visitante
1208213,2025-01-04 15:00:00+00:00,Bournemouth,Everton,1,0,FT,1.0,0.2,2,0,1,Local
1208220,2025-01-04 15:00:00+00:00,Southampton,Brentford,0,5,FT,0.8,0.6,1,0,1,Visitante
1208219,2025-01-04 15:00:00+00:00,Manchester City,West Ham,4,1,FT,1.2,1.0,2,2,1,Local
1208216,2025-01-04 15:00:00+00:00,Crystal Palace,Chelsea,1,1,FT,1.2,2.2,1,3,1,Empate
1208214,2025-01-04 15:00:00+00:00,Aston Villa,Leicester,2,1,FT,2.0,0.6,3,0,1,Local
1208215,2025-01-04 17:30:00+00:00,Brighton,Arsenal,1,1,FT,1.2,3.0,1,3,1,Empate
1208217,2025-01-05 14:00:00+00:00,Fulham,Ipswich,2,2,FT,1.4,1.4,1,2,1,Empate
1208218,2025-01-05 16:30:00+00:00,Liverpool,Manchester United,2,2,FT,2.2,0.8,4,1,1,Empate
1208222,2025-01-06 20:00:00+00:00,Wolves,Nottingham Forest,0,3,FT,1.8,1.4,2,3,1,Visitante
1208224,2025-01-14 19:30:00+00:00,Brentford,Manchester City,2,2,FT,2.4,1.2,3,1,1,Empate
1208230,2025-01-14 19:30:00+00:00,Chelsea,Bournemouth,2,2,FT,1.8,2.6,3,3,1,Empate
1208229,2025-01-14 19:30:00+00:00,West Ham,Fulham,3,2,FT,1.0,1.6,1,2,1,Local
1208228,2025-01-14 20:00:00+00:00,Nottingham Forest,Liverpool,1,1,FT,1.6,3.8,4,3,1,Empate
1208231,2025-01-15 19:30:00+00:00,Newcastle,Wolves,3,0,FT,2.2,2.0,3,2,1,Local
1208225,2025-01-15 19:30:00+00:00,Everton,Aston Villa,0,1,FT,1.0,0.4,1,0,1,Visitante
1208227,2025-01-15 19:30:00+00:00,Leicester,Crystal Palace,0,2,FT,1.2,1.6,1,2,1,Visitante
1208223,2025-01-15 20:00:00+00:00,Arsenal,Tottenham,2,1,FT,1.6,1.8,3,2,1,Local
1208226,2025-01-16 19:30:00+00:00,Ipswich,Brighton,0,2,FT,0.8,1.6,1,1,1,Visitante
1208232,2025-01-16 20:00:00+00:00,Manchester United,Southampton,3,1,FT,1.8,0.4,2,0,1,Local
1208240,2025-01-18 12:30:00+00:00,Newcastle,Bournemouth,1,4,FT,2.6,2.6,3,3,1,Visitante
1208242,2025-01-18 15:00:00+00:00,West Ham,Crystal Palace,0,2,FT,1.6,1.6,2,3,1,Visitante
1208234,2025-01-18 15:00:00+00:00,Brentford,Liverpool,0,2,FT,2.2,3.6,2,3,1,Visitante
1208238,2025-01-18 15:00:00+00:00,Leicester,Fulham,0,2,FT,1.0,1.8,1,2,1,Visitante
1208233,2025-01-18 17:30:00+00:00,Arsenal,Aston Villa,2,2,FT,1.6,0.4,4,1,1,Empate
1208239,2025-01-19 14:00:00+00:00,Manchester United,Brighton,1,3,FT,1.8,1.6,2,1,1,Visitante
1208236,2025-01-19 14:00:00+00:00,Everton,Tottenham,3,2,FT,0.8,2.0,1,2,1,Local
1208241,2025-01-19 14:00:00+00:00,Nottingham Forest,Southampton,3,2,FT,1.2,0.6,3,0,1,Local
1208237,2025-01-19 16:30:00+00:00,Ipswich,Manchester City,0,6,FT,0.6,1.4,1,1,1,Visitante
1208235,2025-01-20 20:00:00+00:00,Chelsea,Wolves,3,1,FT,1.8,1.2,2,1,1,Local
1208245,2025-01-25 15:00:00+00:00,Brighton,Everton,0,1,FT,1.0,0.2,1,0,1,Visitante
1208248,2025-01-25 15:00:00+00:00,Liverpool,Ipswich,4,1,FT,2.2,1.2,3,2,1,Local
1208250,2025-01-25 15:00:00+00:00,Southampton,Newcastle,1,3,FT,0.6,2.2,0,3,1,Visitante
1208243,2025-01-25 15:00:00+00:00,Bournemouth,Nottingham Forest,5,0,FT,0.8,2.0,2,4,1,Local
1208252,2025-01-25 15:00:00+00:00,Wolves,Arsenal,0,1,FT,1.4,3.0,2,3,1,Visitante
1208249,2025-01-25 17:30:00+00:00,Manchester City,Chelsea,3,1,FT,1.8,2.0,2,2,1,Local
1208251,2025-01-26 14:00:00+00:00,Tottenham,Leicester,1,2,FT,2.0,0.6,0,0,1,Visitante
1208246,2025-01-26 14:00:00+00:00,Crystal Palace,Brentford,1,2,FT,1.4,1.4,1,1,1,Visitante
1208244,2025-01-26 16:30:00+00:00,Aston Villa,West Ham,1,1,FT,2.0,1.2,4,2,1,Empate
1208247,2025-01-26 19:00:00+00:00,Fulham,Manchester United,0,1,FT,1.6,1.0,1,1,1,Visitante
1208261,2025-02-01 12:30:00+00:00,Nottingham Forest,Brighton,7,0,FT,1.6,2.0,4,2,1,Local
1208257,2025-02-01 15:00:00+00:00,Everton,Leicester,4,0,FT,1.4,1.0,2,1,1,Local
1208260,2025-02-01 15:00:00+00:00,Newcastle,Fulham,1,2,FT,2.8,1.8,3,2,1,Visitante
1208253,2025-02-01 15:00:00+00:00,Bournemouth,Liverpool,0,2,FT,1.6,3.4,3,3,1,Visitante
1208258,2025-02-01 15:00:00+00:00,Ipswich,Southampton,1,2,FT,0.6,0.8,1,0,1,Visitante
1208262,2025-02-01 17:30:00+00:00,Wolves,Aston Villa,2,0,FT,1.0,0.8,1,1,1,Local
1208255,2025-02-02 14:00:00+00:00,Brentford,Tottenham,0,2,FT,1.4,1.6,1,1,1,Visitante
1208259,2025-02-02 14:00:00+00:00,Manchester United,Crystal Palace,0,2,FT,1.2,1.6,1,4,1,Visitante
1208254,2025-02-02 16:30:00+00:00,Arsenal,Manchester City,5,1,FT,1.4,2.6,3,2,1,Local
1208256,2025-02-03 20:00:00+00:00,Chelsea,West Ham,2,1,FT,2.2,1.0,3,1,1,Local
1208166,2025-02-12 19:30:00+00:00,Everton,Liverpool,2,2,FT,1.4,3.2,2,4,1,Empate
1208264,2025-02-14 20:00:00+00:00,Brighton,Chelsea,3,0,FT,0.6,1.2,0,1,1,Local
1208267,2025-02-15 12:30:00+00:00,Leicester,Arsenal,0,2,FT,0.4,2.2,0,3,1,Visitante
1208266,2025-02-15 15:00:00+00:00,Fulham,Nottingham Forest,2,1,FT,1.0,2.0,0,4,1,Local
1208270,2025-02-15 15:00:00+00:00,Southampton,Bournemouth,1,3,FT,0.4,2.6,0,3,1,Visitante
1208272,2025-02-15 15:00:00+00:00,West Ham,Brentford,0,1,FT,1.2,1.8,2,2,1,Visitante
1208269,2025-02-15 15:00:00+00:00,Manchester City,Newcastle,4,0,FT,2.4,2.6,3,4,1,Local
1208263,2025-02-15 15:00:00+00:00,Aston Villa,Ipswich,1,1,FT,1.6,1.0,3,1,1,Empate
1208265,2025-02-15 17:30:00+00:00,Crystal Palace,Everton,1,2,FT,1.4,0.4,1,1,1,Visitante
1208268,2025-02-16 14:00:00+00:00,Liverpool,Wolves,2,1,FT,2.6,1.4,3,1,1,Local
1208271,2025-02-16 16:30:00+00:00,Tottenham,Manchester United,1,0,FT,2.0,1.0,0,2,1,Local
1208305,2025-02-19 19:30:00+00:00,Aston Villa,Liverpool,2,2,FT,1.6,2.4,2,3,1,Empate
1208279,2025-02-21 20:00:00+00:00,Leicester,Brentford,0,4,FT,0.0,1.8,0,3,1,Visitante
1208276,2025-02-22 12:30:00+00:00,Everton,Manchester United,2,2,FT,1.8,1.0,2,2,1,Empate
1208273,2025-02-22 15:00:00+00:00,Bournemouth,Wolves,0,1,FT,1.4,1.4,2,1,1,Visitante
1208277,2025-02-22 15:00:00+00:00,Fulham,Crystal Palace,0,2,FT,1.2,1.8,1,4,1,Visitante
1208282,2025-02-22 15:00:00+00:00,Southampton,Brighton,0,4,FT,0.4,1.6,0,2,1,Visitante
1208274,2025-02-22 15:00:00+00:00,Arsenal,West Ham,0,1,FT,2.0,1.0,3,1,1,Visitante
1208278,2025-02-22 15:00:00+00:00,Ipswich,Tottenham,1,4,FT,0.6,2.0,1,2,1,Visitante
1208275,2025-02-22 17:30:00+00:00,Aston Villa,Chelsea,2,1,FT,1.6,0.4,1,0,1,Local
1208281,2025-02-23 14:00:00+00:00,Newcastle,Nottingham Forest,4,3,FT,2.4,1.6,3,3,1,Local
1208280,2025-02-23 16:30:00+00:00,Manchester City,Liverpool,0,2,FT,2.6,1.8,3,2,1,Visitante
1208288,2025-02-25 19:30:00+00:00,Wolves,Fulham,1,2,FT,1.0,2.0,2,3,1,Visitante
1208284,2025-02-25 19:30:00+00:00,Brighton,Bournemouth,2,1,FT,1.0,2.8,1,3,1,Local
1208289,2025-02-25 19:30:00+00:00,Crystal Palace,Aston Villa,4,1,FT,1.2,0.8,1,1,1,Local
1208290,2025-02-25 20:15:00+00:00,Chelsea,Southampton,4,0,FT,2.0,1.2,3,1,1,Local
1208292,2025-02-26 19:30:00+00:00,Manchester United,Ipswich,3,2,FT,0.8,1.2,1,1,1,Local
1208286,2025-02-26 19:30:00+00:00,Tottenham,Manchester City,0,1,FT,1.6,2.4,1,2,1,Visitante
1208283,2025-02-26 19:30:00+00:00,Brentford,Everton,1,1,FT,0.6,0.8,0,2,1,Empate
1208285,2025-02-26 19:30:00+00:00,Nottingham Forest,Arsenal,0,0,FT,2.8,2.4,4,4,1,Empate
1208291,2025-02-26 20:15:00+00:00,Liverpool,Newcastle,2,0,FT,2.6,2.2,3,4,1,Local
1208287,2025-02-27 20:00:00+00:00,West Ham,Leicester,2,0,FT,0.8,0.8,1,1,1,Local
1208299,2025-03-08 12:30:00+00:00,Nottingham Forest,Manchester City,1,0,FT,2.4,2.4,3,3,1,Local
1208297,2025-03-08 15:00:00+00:00,Liverpool,Southampton,3,1,FT,2.6,1.2,4,1,1,Local
1208294,2025-03-08 15:00:00+00:00,Brighton,Fulham,2,1,FT,1.2,2.0,2,4,1,Local
1208296,2025-03-08 15:00:00+00:00,Crystal Palace,Ipswich,1,0,FT,1.8,1.2,2,0,1,Local
1208293,2025-03-08 17:30:00+00:00,Brentford,Aston Villa,0,1,FT,0.8,0.8,0,1,1,Visitante
1208302,2025-03-08 20:00:00+00:00,Wolves,Everton,1,1,FT,1.0,1.0,2,2,1,Empate
1208300,2025-03-09 14:00:00+00:00,Tottenham,Bournemouth,2,2,FT,1.0,2.4,1,2,1,Empate
1208295,2025-03-09 14:00:00+00:00,Chelsea,Leicester,1,0,FT,2.4,0.8,3,1,1,Local
1208298,2025-03-09 16:30:00+00:00,Manchester United,Arsenal,1,1,FT,1.4,1.4,2,3,1,Empate
1208301,2025-03-10 20:00:00+00:00,West Ham,Newcastle,0,1,FT,1.0,1.4,2,3,1,Visitante
1208310,2025-03-15 15:00:00+00:00,Manchester City,Brighton,2,2,FT,2.4,2.2,3,3,1,Empate
1208308,2025-03-15 15:00:00+00:00,Ipswich,Nottingham Forest,2,4,FT,0.8,1.8,1,2,1,Visitante
1208312,2025-03-15 15:00:00+00:00,Southampton,Wolves,1,2,FT,0.4,1.0,0,1,1,Visitante
1208306,2025-03-15 15:00:00+00:00,Everton,West Ham,1,1,FT,2.2,1.0,2,2,1,Empate
1208303,2025-03-15 17:30:00+00:00,Bournemouth,Brentford,1,2,FT,1.2,2.4,2,4,1,Visitante
1208307,2025-03-16 13:30:00+00:00,Fulham,Tottenham,2,0,FT,1.2,1.8,1,2,1,Local
1208304,2025-03-16 13:30:00+00:00,Arsenal,Chelsea,1,0,FT,2.0,0.6,3,0,1,Local
1208309,2025-03-16 19:00:00+00:00,Leicester,Manchester United,0,3,FT,0.0,1.0,0,1,1,Visitante
1208317,2025-04-01 18:45:00+00:00,Wolves,West Ham,1,0,FT,0.8,1.0,1,1,1,Local
1208314,2025-04-01 18:45:00+00:00,Arsenal,Fulham,2,1,FT,2.0,1.8,3,3,1,Local
1208316,2025-04-01 19:00:00+00:00,Nottingham Forest,Manchester United,1,0,FT,2.4,1.6,3,2,1,Local
1208315,2025-04-02 18:45:00+00:00,Brighton,Aston Villa,0,3,FT,1.6,1.0,3,2,1,Visitante
1208319,2025-04-02 18:45:00+00:00,Manchester City,Leicester,2,0,FT,2.6,0.6,3,1,1,Local
1208313,2025-04-02 18:45:00+00:00,Bournemouth,Ipswich,1,2,FT,1.4,1.2,2,0,1,Visitante
1208320,2025-04-02 18:45:00+00:00,Newcastle,Brentford,2,1,FT,2.4,2.8,3,5,1,Local
1208321,2025-04-02 18:45:00+00:00,Southampton,Crystal Palace,1,1,FT,0.6,1.6,0,4,1,Empate
1208322,2025-04-02 19:00:00+00:00,Liverpool,Everton,1,0,FT,2.6,1.0,4,2,1,Local
1208318,2025-04-03 19:00:00+00:00,Chelsea,Tottenham,1,0,FT,2.4,1.8,4,2,1,Local
1208326,2025-04-05 11:30:00+00:00,Everton,Arsenal,1,1,FT,2.4,1.0,2,2,1,Empate
1208332,2025-04-05 14:00:00+00:00,West Ham,Bournemouth,2,2,FT,1.0,2.4,2,2,1,Empate
1208325,2025-04-05 14:00:00+00:00,Crystal Palace,Brighton,2,1,FT,1.6,2.2,2,3,1,Local
1208328,2025-04-05 14:00:00+00:00,Ipswich,Wolves,1,2,FT,0.8,1.0,0,2,1,Visitante
1208323,2025-04-05 16:30:00+00:00,Aston Villa,Nottingham Forest,2,1,FT,1.6,2.2,2,2,1,Local
1208331,2025-04-06 13:00:00+00:00,Tottenham,Southampton,3,1,FT,1.0,1.2,1,1,1,Local
1208324,2025-04-06 13:00:00+00:00,Brentford,Chelsea,0,0,FT,0.6,0.6,0,0,1,Empate
1208327,2025-04-06 13:00:00+00:00,Fulham,Liverpool,3,2,FT,1.2,2.0,2,3,1,Local
1208330,2025-04-06 15:30:00+00:00,Manchester United,Manchester City,0,0,FT,1.6,2.0,2,2,1,Empate
1208329,2025-04-07 19:00:00+00:00,Leicester,Newcastle,0,3,FT,0.0,1.2,0,3,1,Visitante
1208338,2025-04-12 11:30:00+00:00,Manchester City,Crystal Palace,5,2,FT,2.2,1.8,3,4,1,Local
1208341,2025-04-12 14:00:00+00:00,Southampton,Aston Villa,0,3,FT,0.8,1.4,0,2,1,Visitante
1208335,2025-04-12 14:00:00+00:00,Brighton,Leicester,2,2,FT,1.4,0.4,3,1,1,Empate
1208340,2025-04-12 14:00:00+00:00,Nottingham Forest,Everton,0,1,FT,2.4,1.0,4,2,1,Visitante
1208334,2025-04-12 16:30:00+00:00,Arsenal,Brentford,1,1,FT,2.0,2.0,3,4,1,Empate
1208342,2025-04-13 13:00:00+00:00,Wolves,Tottenham,4,2,FT,1.0,1.6,2,2,1,Local
1208337,2025-04-13 13:00:00+00:00,Liverpool,West Ham,2,1,FT,2.4,0.8,5,1,1,Local
1208336,2025-04-13 13:00:00+00:00,Chelsea,Ipswich,2,2,FT,2.2,1.2,5,1,1,Empate
1208339,2025-04-13 15:30:00+00:00,Newcastle,Manchester United,4,1,FT,2.2,1.2,3,2,1,Local
1208333,2025-04-14 19:00:00+00:00,Bournemouth,Fulham,1,0,FT,1.4,1.6,1,3,1,Local
1208311,2025-04-16 18:30:00+00:00,Newcastle,Crystal Palace,5,0,FT,2.4,1.8,3,3,1,Local
1208346,2025-04-19 14:00:00+00:00,Everton,Manchester City,0,2,FT,2.0,1.6,1,2,1,Visitante
1208352,2025-04-19 14:00:00+00:00,West Ham,Southampton,1,1,FT,0.8,1.2,1,1,1,Empate
1208345,2025-04-19 14:00:00+00:00,Crystal Palace,Bournemouth,0,0,FT,1.8,2.4,3,2,1,Empate
1208344,2025-04-19 14:00:00+00:00,Brentford,Brighton,4,2,FT,0.2,2.0,0,2,1,Local
1208343,2025-04-19 16:30:00+00:00,Aston Villa,Newcastle,4,1,FT,1.6,1.4,2,3,1,Local
1208350,2025-04-20 13:00:00+00:00,Manchester United,Wolves,0,1,FT,1.0,1.4,1,3,1,Visitante
1208347,2025-04-20 13:00:00+00:00,Fulham,Chelsea,1,2,FT,1.4,0.4,3,0,1,Visitante
1208348,2025-04-20 13:00:00+00:00,Ipswich,Arsenal,0,4,FT,1.0,1.0,0,2,1,Visitante
1208349,2025-04-20 15:30:00+00:00,Leicester,Liverpool,0,1,FT,0.0,2.0,0,2,1,Visitante
1208351,2025-04-21 19:00:00+00:00,Tottenham,Nottingham Forest,1,2,FT,1.4,1.8,2,1,1,Visitante
1208358,2025-04-22 19:00:00+00:00,Manchester City,Aston Villa,2,1,FT,2.6,1.6,3,3,1,Local
1208354,2025-04-23 19:00:00+00:00,Arsenal,Crystal Palace,2,2,FT,1.8,1.4,3,2,1,Empate
1208356,2025-04-26 11:30:00+00:00,Chelsea,Everton,1,0,FT,2.0,1.0,4,2,1,Local
1208359,2025-04-26 14:00:00+00:00,Newcastle,Ipswich,3,0,FT,3.2,1.4,4,1,1,Local
1208362,2025-04-26 14:00:00+00:00,Wolves,Leicester,3,0,FT,1.8,0.4,3,0,1,Local
1208361,2025-04-26 14:00:00+00:00,Southampton,Fulham,1,2,FT,0.6,1.2,0,2,1,Visitante
1208355,2025-04-26 14:00:00+00:00,Brighton,West Ham,3,2,FT,1.8,0.8,3,1,1,Local
1208353,2025-04-27 13:00:00+00:00,Bournemouth,Manchester United,1,1,FT,0.6,1.2,1,1,1,Empate
1208357,2025-04-27 15:30:00+00:00,Liverpool,Tottenham,5,1,FT,2.0,1.6,5,2,1,Local
1208360,2025-05-01 18:30:00+00:00,Nottingham Forest,Brentford,0,2,FT,1.8,1.8,3,3,1,Visitante
1208371,2025-05-02 19:00:00+00:00,Manchester City,Wolves,1,0,FT,2.2,1.4,3,4,1,Local
1208364,2025-05-03 11:30:00+00:00,Aston Villa,Fulham,1,0,FT,2.2,1.2,3,2,1,Local
1208370,2025-05-03 14:00:00+00:00,Leicester,Southampton,2,0,FT,0.0,1.0,0,1,1,Local
1208369,2025-05-03 14:00:00+00:00,Everton,Ipswich,2,2,FT,1.2,1.2,0,1,1,Empate
1208363,2025-05-03 16:30:00+00:00,Arsenal,Bournemouth,1,2,FT,1.2,1.6,2,1,1,Visitante
1208372,2025-05-04 13:00:00+00:00,West Ham,Tottenham,1,1,FT,1.0,1.4,1,1,1,Empate
1208366,2025-05-04 13:00:00+00:00,Brighton,Newcastle,1,1,FT,1.8,1.0,3,2,1,Empate
1208365,2025-05-04 13:00:00+00:00,Brentford,Manchester United,4,3,FT,1.0,1.4,1,1,1,Local
1208367,2025-05-04 15:30:00+00:00,Chelsea,Liverpool,3,1,FT,1.8,1.8,4,2,1,Local
1208368,2025-05-05 19:00:00+00:00,Crystal Palace,Nottingham Forest,1,1,FT,1.6,2.2,3,2,1,Empate
1208375,2025-05-10 14:00:00+00:00,Ipswich,Brentford,0,1,FT,1.0,2.0,0,3,1,Visitante
1208374,2025-05-10 14:00:00+00:00,Fulham,Everton,1,3,FT,1.6,0.6,3,1,1,Visitante
1208382,2025-05-10 14:00:00+00:00,Wolves,Brighton,0,2,FT,2.0,1.8,3,1,1,Visitante
1208380,2025-05-10 14:00:00+00:00,Southampton,Manchester City,0,0,FT,0.6,0.8,0,2,1,Empate
1208373,2025-05-10 16:30:00+00:00,Bournemouth,Aston Villa,0,1,FT,0.8,1.8,1,3,1,Visitante
1208378,2025-05-11 11:00:00+00:00,Newcastle,Chelsea,2,0,FT,3.6,0.6,5,1,1,Local
1208377,2025-05-11 13:15:00+00:00,Manchester United,West Ham,0,2,FT,0.8,1.0,1,1,1,Visitante
1208381,2025-05-11 13:15:00+00:00,Tottenham,Crystal Palace,0,2,FT,1.4,1.4,2,1,1,Visitante
1208379,2025-05-11 13:15:00+00:00,Nottingham Forest,Leicester,2,2,FT,0.4,0.4,2,0,1,Empate
1208376,2025-05-11 15:30:00+00:00,Liverpool,Arsenal,2,2,FT,2.6,1.6,5,2,1,Empate
1208384,2025-05-16 18:30:00+00:00,Aston Villa,Tottenham,2,0,FT,2.2,0.8,4,0,1,Local
1208387,2025-05-16 19:15:00+00:00,Chelsea,Manchester United,1,0,FT,1.6,1.6,4,1,1,Local
1208389,2025-05-18 11:00:00+00:00,Everton,Southampton,2,0,FT,1.2,0.6,0,0,1,Local
1208392,2025-05-18 13:15:00+00:00,West Ham,Nottingham Forest,1,2,FT,1.2,2.2,1,2,1,Visitante
1208390,2025-05-18 14:00:00+00:00,Leicester,Ipswich,2,0,FT,0.4,1.2,1,1,1,Local
1208385,2025-05-18 14:00:00+00:00,Brentford,Fulham,2,3,FT,1.8,0.8,2,1,1,Visitante
1208383,2025-05-18 15:30:00+00:00,Arsenal,Newcastle,1,0,FT,1.4,1.2,2,2,1,Local
1208386,2025-05-19 19:00:00+00:00,Brighton,Liverpool,3,2,FT,1.6,1.6,2,2,1,Local
1208391,2025-05-20 19:00:00+00:00,Manchester City,Bournemouth,3,1,FT,2.4,1.4,4,1,1,Local
1208388,2025-05-20 19:00:00+00:00,Crystal Palace,Wolves,4,2,FT,1.6,1.2,3,4,1,Local
1208397,2025-05-25 15:00:00+00:00,Manchester United,Aston Villa,2,0,FT,0.8,1.8,1,4,1,Local
1208398,2025-05-25 15:00:00+00:00,Newcastle,Everton,0,1,FT,3.2,1.0,5,2,1,Visitante
1208393,2025-05-25 15:00:00+00:00,Bournemouth,Leicester,2,0,FT,0.8,0.8,1,0,1,Local
1208394,2025-05-25 15:00:00+00:00,Fulham,Manchester City,0,2,FT,1.4,0.6,2,2,1,Visitante
1208402,2025-05-25 15:00:00+00:00,Wolves,Brentford,1,1,FT,1.8,1.4,3,3,1,Empate
1208396,2025-05-25 15:00:00+00:00,Liverpool,Crystal Palace,1,1,FT,2.6,1.4,4,1,1,Empate
1208400,2025-05-25 15:00:00+00:00,Southampton,Arsenal,1,2,FT,0.6,1.6,0,1,1,Visitante
1208401,2025-05-25 15:00:00+00:00,Tottenham,Brighton,1,4,FT,1.2,2.2,1,2,1,Visitante
1208395,2025-05-25 15:00:00+00:00,Ipswich,West Ham,1,3,FT,0.8,1.2,0,1,1,Visitante
1208399,2025-05-25 15:00:00+00:00,Nottingham Forest,Chelsea,0,1,FT,0.8,0.6,2,1,1,Visitante
